employee_id,name,pin
RW1001,Qasim Talwar,5411
RW1002,Jeet Baria,3083
RW1003,Harrison Bobal,4340
RW1004,Wriddhish Kohli,7729
RW1005,Udant Choudhury,6624
RW1006,Zayyan Bains,7324
RW1007,Madhavi Gill,9499
RW1008,Bina Mammen,6588
RW1009,Ayush Palla,5166
RW1010,Chatresh Sarma,8628
RW1011,Qarin Bhardwaj,8519
RW1012,Aarav Chahal,1657
RW1013,Pahal Pillai,3318
RW1014,Jai Kata,4757
RW1015,Faris Narayan,1059
RW1016,William Sunder,9128
RW1017,Oni Sathe,7686
RW1018,Jacob Prabhu,2430
RW1019,Yashasvi Chopra,6517
RW1020,Bahadurjit Kadakia,3395
RW1021,Jagrati Ram,6047
RW1022,Wazir Munshi,6640
RW1023,Anthony Sane,7139
RW1024,Anmol Samra,7151
RW1025,Shivansh Bumb,6672
RW1026,Kashvi Sehgal,7257
RW1027,Falguni Jhaveri,9830
RW1028,Widisha Vala,1198
RW1029,Advika Rai,2439
RW1030,Unni Hora,8840
RW1031,Charvi Raman,2903
RW1032,Sachi Dixit,5922
RW1033,Faraj Bora,3856
RW1034,Omaja Gaba,2177
RW1035,Tanay Kashyap,3416
RW1036,Damini Thaker,6668
RW1037,Kamya Dutta,8674
RW1038,Wakeeta Viswanathan,4903
RW1039,Vansha Vig,5517
RW1040,Ronith Gokhale,6455
RW1041,Harita Grover,5849
RW1042,Dalbir Krishnamurthy,4492
RW1043,Samaksh Parmer,8027
RW1044,Chasmum Narang,3526
RW1045,Tristan Edwin,1571
RW1046,Divya Palla,8651
RW1047,Nathan Sunder,3774
RW1048,Krish Batta,9328
RW1049,David Dubey,1533
RW1050,Gaurika Seth,9594
RW1051,Janaki Gokhale,3396
RW1052,Dipta Sarma,2757
RW1053,Nisha Lal,7692
RW1054,Pahal Pandya,2179
RW1055,Isaiah Sha,4957
RW1056,Saumya Vasa,9079
RW1057,Sai Panchal,7712
RW1058,Chakradev Kala,7769
RW1059,Saanvi Thakkar,1207
RW1060,Tanmayi Bedi,6212
RW1061,Anya Rege,8176
RW1062,Zansi Nigam,3694
RW1063,Aashi Sood,6789
RW1064,Charvi Loke,4095
RW1065,Darika Palan,5470
RW1066,Jeevika Viswanathan,2636
RW1067,Warda Shah,5135
RW1068,Avni Hari,8299
RW1069,Amaira Palla,7270
RW1070,Ridhi Rajagopal,3063
RW1071,Amaira Mander,5091
RW1072,Laksh Rana,9890
RW1073,Gaurang Sridhar,3029
RW1074,Ishanvi Mukhopadhyay,6617
RW1075,Owen Rajagopalan,3881
RW1076,Chandran Krish,7299
RW1077,Nikita Swamy,9914
RW1078,Yashvi Tank,5240
RW1079,Alka Bhandari,8302
RW1080,Ishita Andra,6922
RW1081,Ekaja Mammen,7326
RW1082,Arya Chakraborty,8208
RW1083,Jairaj Rai,5931
RW1084,Odika Lalla,8946
RW1085,Gabriel Sami,6555
RW1086,Pranav Lata,3397
RW1087,Ekavir Bhatti,7911
RW1088,Yasti Reddy,2993
RW1089,Varsha Chacko,4072
RW1090,Faris Sangha,6720
RW1091,Shaurya Ray,4767
RW1092,Ekavir Deol,7679
RW1093,Jason Thaman,2430
RW1094,Yachana Dhar,2017
RW1095,Samuel Randhawa,3130
RW1096,Janaki De,3647
RW1097,Nisha Mohanty,7116
RW1098,Hemang Saran,7394
RW1099,Warjas Naidu,1152
RW1100,Gopal Deol,5155
RW1101,Farhan Cherian,3889
RW1102,Timothy Bains,3855
RW1103,Kamala Sankaran,8479
RW1104,Devika Sathe,6862
RW1105,Rehaan Aurora,7127
RW1106,Dipta Kadakia,6375
RW1107,Daksh Uppal,7548
RW1108,Vrinda Gara,9642
RW1109,Chandresh Keer,3118
RW1110,Vansha Mangal,8885
RW1111,Saumya Pillay,4763
RW1112,Advaith Mani,7193
RW1113,Mitesh Wali,2285
RW1114,Lohit Wagle,3872
RW1115,Kamya Prabhu,4579
RW1116,Devika Anne,7643
RW1117,Rudra Sarna,7540
RW1118,Bhavini Sangha,3052
RW1119,Qarin Goswami,8507
RW1120,Wriddhish Walia,2359
RW1121,Vrishti Choudhury,4033
RW1122,Joshua Dubey,6848
RW1123,Bakhshi Mani,2300
RW1124,Nitara Natarajan,3100
RW1125,Sanya Badal,5959
RW1126,Aahana Bora,7843
RW1127,Chasmum Soni,8658
RW1128,Yuvraj Kota,7940
RW1129,Watika Rau,1411
RW1130,Yashawini Doctor,8896
RW1131,Nicholas Bhagat,3465
RW1132,Nirja Singh,8237
RW1133,Shaurya Hayer,6175
RW1134,Warda Divan,4563
RW1135,Nidhi Tata,3117
RW1136,Dakshesh Goel,7991
RW1137,Anvi Bhatti,9648
RW1138,Anika Deol,6786
RW1139,Saksham Palan,3485
RW1140,Abhimanyu Lal,5019
RW1141,Kamala Bakshi,7424
RW1142,Nandini Saxena,4384
RW1143,Gaurangi De,9991
RW1144,Nathan Andra,8740
RW1145,Ekta Ratti,8106
RW1146,Frederick Mital,1292
RW1147,Yasti Morar,1762
RW1148,Ubika Palan,9948
RW1149,Leela Dave,2997
RW1150,Isaac Sharma,2130
RW1151,Ekanta Tripathi,8102
RW1152,Sai Badal,6250
RW1153,Utkarsh Ghose,7411
RW1154,Peter Kar,9041
RW1155,Vedant Chander,6679
RW1156,Widisha Sule,1786
RW1157,Jacob Mangal,6684
RW1158,Zashil Bhakta,4010
RW1159,Ekaja Nagar,5437
RW1160,Ekaraj Dave,6741
RW1161,Lajita Amble,5755
RW1162,Krishna Kant,1251
RW1163,Ayush Mand,8494
RW1164,Ronith Nagar,6677
RW1165,Falguni Parmer,9212
RW1166,Indali Chaudhuri,2590
RW1167,Aradhana Bora,6260
RW1168,Garima Hegde,7367
RW1169,Panini Pant,5287
RW1170,Gayathri Sabharwal,2659
RW1171,Avni Dubey,5517
RW1172,Owen Khanna,1916
RW1173,Yashica Srinivasan,9426
RW1174,Kalpit Dara,1534
RW1175,Mohammed Nigam,9320
RW1176,Aditya Gole,2126
RW1177,Lakshmi Gulati,7975
RW1178,Jhalak Mahajan,9799
RW1179,Dev Nath,9320
RW1180,Anvi Barman,2149
RW1181,Keya Mitra,7800
RW1182,Darpan Keer,7048
RW1183,Vidhi Manne,9689
RW1184,Lopa Ahluwalia,2999
RW1185,Gunbir Prashad,6140
RW1186,Mason Bhavsar,3690
RW1187,Rohan Sabharwal,1499
RW1188,Sudiksha Pau,6949
RW1189,Azad Raju,1181
RW1190,Hardik Agarwal,7361
RW1191,Neelima Ganesh,8462
RW1192,Ekaraj Yohannan,4733
RW1193,Saksham Mahajan,6651
RW1194,Falguni Sagar,1926
RW1195,Maanav Nayar,1033
RW1196,Pallavi Swaminathan,1072
RW1197,Wazir Wadhwa,3839
RW1198,Januja Halder,8178
RW1199,Vedhika Tandon,7947
RW1200,Qasim Rattan,6077
